name,description
Smart Electronics,Latest smart electronic devices and gadgets
Sustainable Fashion,Eco-friendly and sustainable fashion items
Organic Home & Garden,Organic products for home and garden care
Professional Sports,Professional-grade sports equipment and gear
Digital Books & Media,Digital books audiobooks and educational content
Natural Health & Beauty,Natural and organic health and beauty products
Gourmet Food & Beverages,Premium gourmet food items and specialty beverages
Luxury Automotive,Luxury automotive accessories and services
Smart Home Solutions,Intelligent home automation and IoT devices
Artisan Crafts,Handmade artisan crafts and unique creations